Date,Name,Year,Letterboxd URI
2023-02-17,Inside Llewyn Davis,2013,https://boxd.it/34Ro
2023-02-17,Manchester by the Sea,2016,https://boxd.it/b2L0
2023-02-17,La La Land,2016,https://boxd.it/a5fa
2023-02-25,Closer,2004,https://boxd.it/270K
2023-02-25,Scenes from a Marriage,1974,https://boxd.it/4kJC
2023-02-25,The Life Aquatic with Steve Zissou,2004,https://boxd.it/2aqw
2023-02-25,Bottle Rocket,1996,https://boxd.it/1PDa
2023-02-25,Thumbsucker,2005,https://boxd.it/28DS
2023-02-25,Beginners,2010,https://boxd.it/s2S
2023-02-25,Frances Ha,2012,https://boxd.it/41Xg
2023-02-25,The Meyerowitz Stories (New and Selected),2017,https://boxd.it/dSp0
2023-02-25,Somewhere,2010,https://boxd.it/14du
2023-02-25,Raging Bull,1980,https://boxd.it/28yI
2023-02-25,The King of Comedy,1982,https://boxd.it/2aJS
2023-02-26,Se7en,1995,https://boxd.it/29zs
2023-02-26,Fight Club,1999,https://boxd.it/2a9q
2023-02-26,Memento,2000,https://boxd.it/2bcK
2023-02-26,Interstellar,2014,https://boxd.it/4VZ8
2023-02-26,Inception,2010,https://boxd.it/1skk
2023-02-26,Waltz with Bashir,2008,https://boxd.it/1ZFA
2023-02-26,The Prestige,2006,https://boxd.it/293w
2023-02-26,Django Unchained,2012,https://boxd.it/2cCk
2023-02-26,Reservoir Dogs,1992,https://boxd.it/2agc
2023-02-28,Lost in Translation,2003,https://boxd.it/2b0E
2023-03-17,Little Women,2019,https://boxd.it/aSVk
2023-03-17,Portrait of a Lady on Fire,2019,https://boxd.it/jkPq
2023-03-17,Before Sunrise,1995,https://boxd.it/2bcU
2023-03-17,The Florida Project,2017,https://boxd.it/dMG0
2023-03-17,Minari,2020,https://boxd.it/mL9M
2023-03-17,The Kings of Summer,2013,https://boxd.it/4V3e
2023-03-18,Babylon,2022,https://boxd.it/mM02
2023-03-18,In Bruges,2008,https://boxd.it/20n8
2023-03-22,Rocky II,1979,https://boxd.it/28Ua
2023-03-25,T√ÅR,2022,https://boxd.it/uNIA
2023-03-25,Scarface,1983,https://boxd.it/2b7g
2023-03-25,American Psycho,2000,https://boxd.it/28Vs
2023-03-25,GoodFellas,1990,https://boxd.it/29FA
2023-03-25,Lost Highway,1997,https://boxd.it/29Wc
2023-03-25,The Tree of Life,2011,https://boxd.it/1Zu8
2023-03-25,2001: A Space Odyssey,1968,https://boxd.it/2bf0
2023-03-25,Call Me by Your Name,2017,https://boxd.it/dYmm
2023-03-26,Shut Up and Play the Hits,2012,https://boxd.it/2W7C
2023-03-27,Spotlight,2015,https://boxd.it/a84k
2023-03-27,Birdman or (The Unexpected Virtue of Ignorance),2014,https://boxd.it/5RFA
2023-03-27,Rain Man,1988,https://boxd.it/2avw
2023-04-09,Mulholland Drive,2001,https://boxd.it/297o
2023-04-11,After Hours,1985,https://boxd.it/1VfS
2023-04-15,The Graduate,1967,https://boxd.it/18Im
2023-04-15,Red Rocket,2021,https://boxd.it/sGpi
2023-04-15,Tangerine,2015,https://boxd.it/9QRe
2023-04-16,The End of the Tour,2015,https://boxd.it/7jIE
2023-04-16,Let There Be Light,1946,https://boxd.it/36BC
2023-04-16,The Godfather,1972,https://boxd.it/2aNK
2023-04-16,Yi Yi,2000,https://boxd.it/1vCw
2023-04-16,The Power of the Dog,2021,https://boxd.it/m99E
2023-04-17,Children of Men,2006,https://boxd.it/1Y2i
2023-04-17,Oldboy,2003,https://boxd.it/29R2
2023-04-18,Eyes Wide Shut,1999,https://boxd.it/2axs
2023-04-18,"Oslo, August 31st",2011,https://boxd.it/2xQC
2023-04-18,It has to be lived once and dreamed twice,2019,https://boxd.it/loGQ
2023-04-18,I Am Easy to Find,2019,https://boxd.it/lzSy
2023-04-18,Uncut Gems,2019,https://boxd.it/gXGc
2023-04-18,The Room,2003,https://boxd.it/1ICY
2023-04-18,Me and You and Everyone We Know,2005,https://boxd.it/28RK
2023-04-25,Cha Cha Real Smooth,2022,https://boxd.it/uF8E
2023-04-25,Rye Lane,2023,https://boxd.it/DIyy
2023-04-26,The Long Goodbye,1973,https://boxd.it/281O
2023-04-26,3 Women,1977,https://boxd.it/YPs
2023-04-26,Nashville,1975,https://boxd.it/25GE
